{"complex-test-data": 0.7107138371115803, "original_paper_data_test": 0.5576302499993655, "simple-test-data": 0.6403689899990812}